{"Mean":{"confidence_interval":{"confidence_level":0.95,"lower_bound":2223.843642641248,"upper_bound":2256.028054964002},"point_estimate":2237.329206635142,"standard_error":8.325983503260627},"Median":{"confidence_interval":{"confidence_level":0.95,"lower_bound":2210.0142694063925,"upper_bound":2232.2873107426103},"point_estimate":2220.4105700144846,"standard_error":5.716753561660977},"MedianAbsDev":{"confidence_interval":{"confidence_level":0.95,"lower_bound":25.464099863730954,"upper_bound":51.683737653858834},"point_estimate":35.78456740886283,"standard_error":6.443140471886373},"Slope":{"confidence_interval":{"confidence_level":0.95,"lower_bound":2209.3807433729075,"upper_bound":2228.1646487340117},"point_estimate":2218.572792189871,"standard_error":4.795540418228068},"StdDev":{"confidence_interval":{"confidence_level":0.95,"lower_bound":37.91485103115316,"upper_bound":131.4523987206752},"point_estimate":83.73166184151619,"standard_error":30.287810511128228}}