{"Mean":{"confidence_interval":{"confidence_level":0.95,"lower_bound":-0.18627012798621304,"upper_bound":-0.14638360300713124},"point_estimate":-0.16620810356059257,"standard_error":0.010187704069491191},"Median":{"confidence_interval":{"confidence_level":0.95,"lower_bound":-0.1728271474417713,"upper_bound":-0.11896967206790232},"point_estimate":-0.14504813001820605,"standard_error":0.012629722398175369}}